"SO15 0"	50.9171580469787	-1.4582633972168	"18:30"	"12:00"
"SO15 0"	50.920516	-1.4652834	"17:15"	"12:00"
"SO15 0"	50.921249364502	-1.47118091583252	"17:15"	"12:00"
"SO15 0LD"	50.9145328	-1.4520498	"19:00"	"12:00"
"SO15 1"	50.9224336083758	-1.42075538635254	"16:45"	"12:30"
"SO15 1"	50.9033467715341	-1.40667915344238	"17:30"	"12:30"
"SO15 1"	50.9019351	-1.4109748	"19:00"	"12:00"
"SO15 1"	50.9089585	-1.4053225	"19:00"	"12:00"
"SO15 2"	50.9097704	-1.4084453	"18:45"	"12:00"
"SO15 2"	50.9152911665969	-1.41406059265137	"17:30"	"11:15"
"SO15 2"	50.9110236	-1.4024989	"18:45"	"11:30"
"SO15 2"	50.9122921	-1.4104199	"17:30"	"12:00"
"SO15 2"	50.9171580469787	-1.40673816204071	"17:30"	"11:15"
"SO15 2"	50.9123418841146	-1.40685081481934	"17:30"	"12:00"
"SO15 2"	50.9209304	-1.4088138	"17:30"	"11:15"
"SO15 2FE"	50.9138674	-1.4016777	"18:45"	"11:30"
"SO15 2WW"	50.912314825612	-1.40380382537842	"19:00"	"11:45"
"SO15 2WW"	50.9121795328627	-1.40375018119812	"19:00"	"11:45"
"SO15 2WW"	50.9121524742657	-1.40375018119812	"19:00"	"11:45"
"SO15 3"	50.9113948271617	-1.42551898956299	"18:00"	"12:45"
"SO15 3"	50.9193957	-1.431802	"18:45"	"12:30"
"SO15 3"	50.9144826	-1.4232506	"18:45"	"10:30"
"SO15 3"	50.9121657	-1.4205643	"17:15"	"12:30"
"SO15 3"	50.9194015	-1.4307162	"18:00"	"11:45"
"SO15 3"	50.9172061	-1.4270578	"18:00"	"12:45"
"SO15 4"	50.9140533024436	-1.44784569740295	"17:30"	"11:45"
"SO15 4"	50.919674158561	-1.44219160079956	"17:30"	"12:30"
"SO15 4"	50.9175638806297	-1.44547462463379	"17:30"	"11:45"
"SO15 5"	50.9171041	-1.4159941	"16:00"	"11:15"
"SO15 5"	50.9187001960233	-1.42118453979492	"16:00"	"11:00"
"SO15 5"	50.9198074	-1.4251462	"18:00"	"10:30"
"SO15 5"	50.9212432775468	-1.42144203186035	"18:00"	"11:00"
"SO15 5"	50.9114831	-1.4157604	"17:15"	"12:30"
"SO15 5JN"	50.9274288	-1.4247886	"16:00"	"12:15"
"SO15 5LH"	50.9238259	-1.4321332	"18:15"	"12:15"
"SO15 5RF"	50.9210947	-1.430669	"18:45"	"12:30"
"SO15 7"	50.9237545	-1.4190512	"18:00"	"10:30"
"SO15 7"	50.9257339118491	-1.42041206359863	"18:00"	"12:15"
"SO15 7"	50.9274052	-1.4160439	"18:00"	"12:00"
"SO15 8"	50.9409068841	-1.37809753417969	"17:45"	"12:45"
"SO15 8PE"	50.9169821846308	-1.44109725952148	"17:00"	"12:30"
"SO16 0XH"	50.9450008452088	-1.46309566491254	"17:00"	"11:15"
"SO16 167"	50.9448016	-1.3903216	"17:30"	"11:45"
"SO16 1TW"	50.9376967	-1.3980702	"18:30"	"11:30"
"SO16 2"	50.9412786	-1.380212	"17:30"	"10:45"
"SO16 3"	50.9424366	-1.4032958	"17:30"	"11:30"
"SO16 3"	50.9384558	-1.3903507	"17:30"	"10:45"
"SO16 3"	50.9461951	-1.4048876	"17:30"	"11:45"
"SO16 3"	50.9497433	-1.4004936	"17:30"	"11:15"
"SO16 4"	50.9234751228702	-1.44744873046875	"18:30"	"12:45"
"SO16 4"	50.9253416749251	-1.43986344337463	"17:45"	"10:45"
"SO16 4"	50.922487713599	-1.44787788391113	"17:45"	"12:30"
"SO16 4PY"	50.9278708687217	-1.45105361938477	"16:00"	"11:00"
"SO16 5EB"	50.9314412611603	-1.44822120666504	"18:30"	"11:00"
"SO16 6"	50.9285951	-1.4302451	"16:00"	"12:30"
"SO16 6"	50.9338213705305	-1.42830848693848	"17:30"	"11:30"
"SO16 6"	50.9318099	-1.4239219	"18:30"	"12:30"
"SO16 6AF"	50.9302782088725	-1.43843650817871	"17:00"	"12:00"
"SO16 6FD"	50.9443598	-1.4323767	"17:45"	"12:00"
"SO16 7"	50.950266	-1.4052558	"16:00"	"11:00"
"SO16 7"	50.9397170259552	-1.4091682434082	"16:00"	"12:30"
"SO16 7"	50.9529041	-1.4076261	"16:00"	"11:00"
"SO16 7"	50.9373439793075	-1.41377091407776	"16:00"	"12:30"
"SO16 7"	50.9636966	-1.412126	"16:00"	"11:00"
"SO16 7"	50.9669003865496	-1.42296552658081	"17:30"	"11:15"
"SO16 7"	50.9622515505779	-1.42378091812134	"17:00"	"11:00"
"SO16 7"	50.9389463061353	-1.40522003173828	"17:30"	"11:30"
"SO16 7"	50.9591107	-1.4057572	"16:00"	"11:00"
"SO16 7"	50.9353887	-1.4106198	"16:00"	"10:45"
"SO16 7JU"	50.9638057190194	-1.41843795776367	"17:00"	"11:00"
"SO16 8"	50.9565215	-1.4486748	"16:00"	"11:30"
"SO16 8"	50.9449494700827	-1.43939137458801	"17:45"	"11:45"
"SO16 8"	50.949032	-1.4519891	"16:45"	"11:45"
"SO16 8FX"	50.9435388	-1.4518631	"17:45"	"12:00"
"SO16 8HY"	50.9407968	-1.4488504	"17:15"	"12:00"
"SO16 8LL"	50.9506274252917	-1.46066665649414	"16:45"	"11:15"
"SO16 9"	50.9197282669931	-1.46083831787109	"16:00"	"12:30"
"SO16 9LY"	50.9239485308419	-1.46332740783691	"17:15"	"12:30"
"SO17 1"	50.9284253794632	-1.40013456344604	"17:30"	"12:30"
"SO17 1"	50.9228529222099	-1.4013147354126	"18:00"	"12:45"
"SO17 1"	50.9295749538454	-1.38895511627197	"16:00"	"12:00"
"SO17 1"	50.9297174	-1.3959647	"17:45"	"12:30"
"SO17 1"	50.9321985818993	-1.39466285705566	"18:00"	"12:00"
"SO17 1"	50.9312113577818	-1.39075756072998	"16:00"	"12:00"
"SO17 1"	50.9335014	-1.4010032	"17:30"	"12:30"
"SO17 1"	50.929994	-1.4031619	"17:30"	"12:00"
"SO17 1"	50.9244354597299	-1.40180826187134	"18:00"	"12:30"
"SO17 1"	50.91534	-1.4027638	"17:45"	"11:30"
"SO17 1"	50.9250035369914	-1.40324592590332	"17:45"	"12:30"
"SO17 1"	50.9254363531061	-1.39663696289062	"18:00"	"12:45"
"SO17 1QD"	50.9311152	-1.4002098	"17:30"	"12:15"
"SO17 2"	50.9248946	-1.3852621	"17:30"	"11:30"
"SO17 2"	50.9231606420547	-1.39503300189972	"17:45"	"12:00"
"SO17 2"	50.9217951	-1.3899517	"17:30"	"11:30"
"SO17 2"	50.9246383452625	-1.38103723526001	"17:30"	"11:15"
"SO17 2"	50.9193630338552	-1.39519929885864	"18:00"	"12:00"
"SO17 2"	50.9220224	-1.3833414	"17:30"	"11:15"
"SO17 2AA"	50.9259638423015	-1.3923454284668	"18:45"	"11:45"
"SO17 2TH"	50.9301429683469	-1.38547897338867	"16:00"	"11:15"
"SO17 3SP"	50.9336590942154	-1.38247489929199	"18:30"	"12:00"
"SO17 3SX"	50.9360931794879	-1.38826847076416	"17:30"	"11:00"
